Features,PC1,PC2,PC3,PC4,PC5
MaxAbsEStateIndex,0.5030690028918149,0.4003552774357437,0.01784948580938078,0.05331080215516499,0.040368977471060774
MaxEStateIndex,0.5030690028918129,0.40035527743574,0.01784948580938155,0.05331080215516497,0.04036897747106074
MinAbsEStateIndex,0.34546606023780563,0.282857183249118,0.052835017594873225,0.0444610437965042,0.08820890449822262
MinEStateIndex,0.30638854056896603,0.4224181692375466,0.0796788961937419,0.36983475571339164,0.15961519480171765
qed,0.6357127956406143,0.2761650716835779,0.2510101633420084,0.13620087020695715,0.030992112964287912
SPS,0.3684970283555872,0.5603210660240081,0.3600809918245142,0.4217717305893439,0.06891688343527096
MolWt,0.9700607839367199,0.03227049012534053,0.15852015670607503,0.020569571993158457,0.08704485577424037
HeavyAtomMolWt,0.9576200555137813,0.08989080160537409,0.1829362158048763,0.048903328009605784,0.12392162450688761
ExactMolWt,0.9704595311863309,0.03220038795394394,0.15773653076678068,0.020199954048095808,0.08640257744711569
NumValenceElectrons,0.9847096162860526,0.029695122629892823,0.07089423782393031,0.03758250287360696,0.03131789487189107
NumRadicalElectrons,0.0006615566070950121,0.0024016435168364284,0.0010829428701618752,0.0005804554574805658,0.003113364670883663
MaxPartialCharge,0.314405425476159,0.3469957428417535,0.129533504715374,0.1503004992288987,0.18715003663558463
MinPartialCharge,0.055950539862301786,0.37530746309309476,0.04066569092824733,0.556411513859093,0.2503235266402656
MaxAbsPartialCharge,0.05619582833026124,0.37568482163842426,0.04029199345160968,0.5556410582807274,0.2485714977285899
MinAbsPartialCharge,0.3162790578344565,0.3490153064131651,0.12996598755023167,0.15027547252990334,0.18628866601917574
FpDensityMorgan1,0.22628737492090706,0.10369601706133548,0.685756816880606,0.0647999101542286,0.05955955686196359
FpDensityMorgan2,0.2465264160545786,0.049323074410240586,0.6033424263024955,0.0789694139206738,0.1661460182795969
FpDensityMorgan3,0.15537207145627036,0.2046572805704788,0.4606439684465719,0.10756612107391181,0.24039472261715483
BCUT2D_MWHI,0.016893608450866005,0.10058902611678446,0.2667603899495143,0.2248527555120327,0.40638642280566367
BCUT2D_MWLOW,0.24325304761045505,0.3209055629911519,0.004814342655843932,0.04017874624690262,0.3183806793913608
BCUT2D_CHGHI,0.541648409163936,0.26833609192763935,0.2730454351062014,0.32641253925068603,0.023468235856697092
BCUT2D_CHGLO,0.5375473727157506,0.42824084352263636,0.2400876086099044,0.2687031910814492,0.13332724473474722
BCUT2D_LOGPHI,0.18810775973088698,0.19306499122574852,0.23491883020560844,0.3347990946512544,0.009986510009559213
BCUT2D_LOGPLOW,0.4262884822630514,0.3649473743613341,0.36518077530724835,0.036579767063207445,0.08558734914518781
BCUT2D_MRHI,0.09640536246409394,0.17161659443017585,0.2350747944953831,0.2389910039085552,0.4415907985847566
BCUT2D_MRLOW,0.348713641343961,0.24714855036513814,0.3528961327205646,0.05559294216945633,0.1922189951008321
AvgIpc,0.612351446668718,0.22044734670741584,0.03312664783896311,0.010502437889528995,0.3490277950548158
BalabanJ,0.46867057509433385,0.4835916727264941,0.07636359728902953,0.108305796352711,0.2428778155940535
BertzCT,0.7568087463759251,0.1556590474217261,0.4545027947585136,0.051290948411759865,0.3131174287806117
Chi0,0.9720174723302781,0.08145119142037277,0.13780577153992257,0.0697835108817997,0.031135099470594504
Chi0n,0.9407449921109353,0.18400231762328997,0.10147983533424072,0.14632630377986844,0.08703888078669343
Chi0v,0.9457948903986524,0.16505827416583133,0.14725958488259897,0.10206722363124593,0.007730838009058917
Chi1,0.9661001255248409,0.04545594378229282,0.17135620441379365,0.03971686774277546,0.0317287735018157
Chi1n,0.9127642427693415,0.34450021529361063,0.0650391977947492,0.10230010159028512,0.08642785473367129
Chi1v,0.908959162431292,0.29508733134755205,0.14015714268205445,0.0012074048235010332,0.07047073558065255
Chi2n,0.8751490671953847,0.4318090460405328,0.023773802780811926,0.054472835838440634,0.1042185208434553
Chi2v,0.8414406676305528,0.3515935711034116,0.11993043244771995,0.08049258620798477,0.10142574111721231
Chi3n,0.8146326195961557,0.5352505300485001,0.0002262905131498316,0.01788067494450373,0.06924940179047079
Chi3v,0.7798808194239019,0.4472978967989304,0.09166760844762693,0.149681797249212,0.13997351829930807
Chi4n,0.7489032999499987,0.595282786637591,0.011964331207480713,0.06397608100910122,0.042726907710444954
Chi4v,0.7160992622186236,0.5011945564734638,0.07431157802324673,0.19011093439817173,0.16653586320547215
HallKierAlpha,0.5109472983647744,0.5391196132620149,0.3092219833412191,0.1972195322154444,0.1296207722351891
Ipc,0.006745988127829668,0.0009786200143223661,0.002394741245600736,9.05216926042193e-05,0.003517616573230452
Kappa1,0.9451504344085154,0.07281302383340231,0.05879592238734221,0.12035053878445406,0.1394955389145584
Kappa2,0.8408726424321822,0.03575271806963383,0.0177399487594394,0.23631843598107297,0.22231236112711555
Kappa3,0.7252279519514556,0.13470625126792685,0.02074405640981968,0.29975625562606395,0.26792835095692674
LabuteASA,0.9685471300447549,0.06994232979395497,0.18059263768457834,0.05554256272864455,0.013977676818850197
PEOE_VSA1,0.5205540095686861,0.3570626182592956,0.28581196437152623,0.30808163901242414,0.2622500658565914
PEOE_VSA10,0.15921730688237132,0.04773511005529113,0.04629995123177997,0.36304348311461526,0.0010191892355135722
PEOE_VSA11,0.08673142238260272,0.11814393792089943,0.01063178381483432,0.24678445905938573,0.08172462727945105
PEOE_VSA12,0.38412992994832496,0.3105926439428508,0.04074907353565504,0.25608894038054536,0.049556025187592896
PEOE_VSA13,0.17781090468211147,0.2316630060053217,0.042967032596862194,0.10734731400890005,0.1739658524271391
PEOE_VSA14,0.1269101300126153,0.16443478684920326,0.12016440816799813,0.02902329475712883,0.11211651836539038
PEOE_VSA2,0.3920798516415281,0.3827695304638144,0.1394889689332775,0.5016491933130155,0.039310004138473846
PEOE_VSA3,0.08746478324963244,0.12863139622161418,0.04450893105679981,0.15416211975792113,0.5617866902199622
PEOE_VSA4,0.018202729708071443,0.013232577390945749,0.0717477875096394,0.027547319744472137,0.3991223838667489
PEOE_VSA5,0.0679066147517329,0.0013017075519062228,0.054725156037408136,0.01524010208755709,0.29760229958319906
PEOE_VSA6,0.11299392869231543,0.22295363284981337,0.5121534948052652,0.21032023238596173,0.3036999611461853
PEOE_VSA7,0.34453606407558296,0.30952095550911385,0.397618593296263,0.11473727845480688,0.23056886843574617
PEOE_VSA8,0.3411107063348387,0.15377946140707627,0.1012767329195387,0.14456194609354941,0.2105216352139872
PEOE_VSA9,0.2708826642177175,0.2052094817988936,0.25397482828887763,0.2702823966666055,0.09980609100612269
SMR_VSA1,0.5644737190461334,0.44420153529356843,0.2139676002085462,0.4984984140015631,0.2794139721935617
SMR_VSA10,0.3837787186864624,0.5520042878429522,0.09201705450775577,0.1530312646621793,0.3178635696005262
SMR_VSA2,0.05911562723906248,0.012027405913560675,0.055104389946721115,0.02277833958000994,0.0677093449130898
SMR_VSA3,0.2686543109588381,0.11963792619342442,0.306671795938148,0.3567023519330881,0.5023654239101605
SMR_VSA4,0.21274476050499116,0.06717703417211102,0.12340411202714034,0.2588160022019718,0.12785158758595175
SMR_VSA5,0.43206047365791084,0.43730438615697276,0.27264063147029155,0.10888181678335757,0.3322960766092799
SMR_VSA6,0.37715665459493,0.3008795861175996,0.20150792689910466,0.03755761580959158,0.18105163255292672
SMR_VSA7,0.162681442922391,0.021110334826467965,0.7740247914923337,0.08602067152888504,0.007800132490052248
SMR_VSA8,0.0,0.0,0.0,0.0,0.0
SMR_VSA9,0.0430967441436858,0.04226639442703513,0.4462160113760043,0.32269566477035977,0.08210591144176087
SlogP_VSA1,0.4184872798894687,0.3954062219588668,0.13238966283376197,0.2333274964446898,0.014830052498203915
SlogP_VSA10,0.10438697191974898,0.13813940182882023,0.057792597012853705,0.16356019454822945,0.345122193275622
SlogP_VSA11,0.013816250836035908,0.11079698343255352,0.2703599553790944,0.47452139699564877,0.13893277815919836
SlogP_VSA12,0.0765585920805961,0.06969169152515108,0.19460819921088368,0.10022042365355459,0.3432222497996333
SlogP_VSA2,0.6733726705540464,0.06981476281965403,0.42362870468726255,0.21561060467715937,0.1379735383949512
SlogP_VSA3,0.36286080151495365,0.17227134147522066,0.0822859851382629,0.024722207081932655,0.06414232638659664
SlogP_VSA4,0.13179618571137683,0.22020434762966398,0.004845830607525732,0.23859747899149317,0.09728457717734611
SlogP_VSA5,0.3733500405907633,0.3085892859134138,0.18420741255492165,0.281461576005988,0.3375033372743433
SlogP_VSA6,0.12604840180216298,0.018278818586833053,0.8219341760938383,0.04192297016757666,0.05766687898228088
SlogP_VSA7,0.04888351967249431,0.07411852617591108,0.2259322918612288,0.10786881136437919,0.17287245540430596
SlogP_VSA8,0.01383130712416948,0.02322472573111253,0.3712975310299359,0.06368551309559657,0.1835221638536205
SlogP_VSA9,0.0,0.0,0.0,0.0,0.0
TPSA,0.5385186322037935,0.7039497329389637,0.23994868463910915,0.04895800964512661,0.10642504796400748
EState_VSA1,0.3988315929589035,0.5357863803575142,0.1406045533106115,0.2968728635563728,0.08587072959205964
EState_VSA10,0.5170259840109145,0.6704754704465914,0.10926612219399555,0.25127205712470985,0.17490671791161128
EState_VSA11,0.0,0.0,0.0,0.0,0.0
EState_VSA2,0.4617613585376667,0.30940529138803946,0.12783432709456635,0.020652898331894085,0.12730289970755757
EState_VSA3,0.38832245183744035,0.3482026260102448,0.06522805778403706,0.2363074217515692,0.09819598476104974
EState_VSA4,0.1269323544076376,0.6918635790537652,0.06267928157610811,0.20883451915539344,0.04437414568476603
EState_VSA5,0.059059951188130524,0.30981605142736907,0.09498062011437218,0.026996376582289948,0.0018085533703124297
EState_VSA6,0.17070927880061496,0.5403157107119174,0.10012967105515122,0.2633372852251208,0.07293249412329558
EState_VSA7,0.08395262705109022,0.030183011392039095,0.34483781009321074,0.21238650725382083,0.044151101939033564
EState_VSA8,0.0039003215487947575,0.596699379463864,0.02927670389104091,0.3621109935882083,0.0629924812359907
EState_VSA9,0.0679287872759173,0.15634962452017262,0.10018200508678383,0.25510389603147693,0.06981298233402285
VSA_EState1,0.15888562531194284,0.058861891397491935,0.16078705207049554,0.5043417151170487,0.2653763028355928
VSA_EState10,0.06396034811355916,0.0696072972164757,0.2361075315085721,0.11467577414796584,0.2460927837137275
VSA_EState2,0.5311444068414828,0.5353618568282922,0.22398966986599717,0.3746841371835233,0.022871272765979164
VSA_EState3,0.2029225072870745,0.3429815957070962,0.14628660024833445,0.48039996633607684,0.20515681425397625
VSA_EState4,0.03862012132393186,0.06995602661670845,0.16203897604839002,0.3939113432691308,0.007106885113796119
VSA_EState5,0.27824050006666984,0.5850276278103674,0.12719964578444715,0.012336964267861983,0.1878789645306562
VSA_EState6,0.11918488277662108,0.18768626694070822,0.8117211492976018,0.0032615809474513028,0.1391039128147017
VSA_EState7,0.03717093558239519,0.4998495007639179,0.10561441307192351,0.27959594846027597,0.12124701572315376
VSA_EState8,0.20297135795771468,0.522434554171037,0.1298273668337627,0.30923945556819454,0.16753129060904362
VSA_EState9,0.0514218342774937,0.08516368559204067,0.16266960559415464,0.22963718129354352,0.24335060335537065
FractionCSP3,0.3201141627177003,0.5308985603283023,0.6146979202771342,0.031156356608774017,0.2646321888362019
HeavyAtomCount,0.9742472041944761,0.006227111389440054,0.16345702069151583,0.04051157676606214,0.01926215800521019
NHOHCount,0.31327007991750944,0.25323268020712353,0.19275041311227775,0.19836690658201825,0.05640532028941788
NOCount,0.6619902067586577,0.5572985346815719,0.3186373190857258,0.062026851249246485,0.27555530760667685
NumAliphaticCarbocycles,0.09207347859997297,0.2547487658951221,0.055646945342918204,0.0011162043143618909,0.1065887583192436
NumAliphaticHeterocycles,0.39946675346293065,0.5591128940704604,0.2610990774157417,0.3545284095410655,0.19013178532116487
NumAliphaticRings,0.4147247180254043,0.6290263235225907,0.2693229666650415,0.33697863979095843,0.13937232201099706
NumAromaticCarbocycles,0.22352173682468865,0.04100208412401407,0.8182572013933269,0.1461959894783023,0.24002230292358684
NumAromaticHeterocycles,0.14506022563073337,0.012359399739267035,0.15214578099680848,0.14678950140010458,0.679425329840334
NumAromaticRings,0.09452242148674031,0.05619220421809877,0.7237840077596113,0.01006502290095364,0.42060522551395957
NumHAcceptors,0.40232675687651576,0.5107933792123651,0.2083875743691167,0.3982706405721611,0.2951951474320106
NumHDonors,0.4016762781517503,0.32088535719620226,0.18980390974891156,0.14591990424068443,0.05583626741652912
NumHeteroatoms,0.6438823730528036,0.5673117688939681,0.2402477523126966,0.12746012033902915,0.38543815270032455
NumRotatableBonds,0.5210639165989608,0.23557838097587339,0.06050507321232928,0.3037189786300583,0.3383716078609228
NumSaturatedCarbocycles,0.08880679727474486,0.2300071096986362,0.08666617867113141,0.0009203001116845335,0.11000867974965947
NumSaturatedHeterocycles,0.38537095256039017,0.5433697038742696,0.30879327294272635,0.33862472506603664,0.12936272668351098
NumSaturatedRings,0.3989045350178841,0.6001637716984599,0.3252179764142406,0.322102527169043,0.0835875565709993
RingCount,0.4304608884861362,0.5244313126815042,0.22589933702994208,0.30680320866935373,0.39497149774877055
MolLogP,0.14093043138681693,0.3910386015101369,0.6368290914993571,0.1485484498658606,0.044150171803124486
MolMR,0.9106854354040008,0.19376898276471896,0.2767348438471862,0.16580359705883488,0.009405184430035261
fr_Al_COO,0.07853803445229104,0.24533107558466827,0.0929327212529749,0.18592252838102657,0.21574722913667932
fr_Al_OH,0.11870408494661677,0.008199497762767667,0.13452996097739672,0.3885860847489365,0.2068733723899407
fr_Al_OH_noTert,0.1172803314469198,0.0038566957951361685,0.13235392161643172,0.38135006847268677,0.20130375034268966
fr_ArN,0.09917515145750064,0.04970520451095206,0.008375769762359386,0.04948282021355616,0.189473073611263
fr_Ar_COO,0.05087150389840414,0.264033518769816,0.08627562757209543,0.2340903001299091,0.08968114771067079
fr_Ar_N,0.12118349044839352,0.0007764523001345913,0.21290029877553143,0.13576628113815165,0.6597184035035485
fr_Ar_NH,0.06617661920095148,0.055401444605911475,0.13274448776393563,0.10196536894687974,0.30790898918400234
fr_Ar_OH,0.02638989135444523,0.13111451653962292,0.17533875127695142,0.356154962215825,0.15118983548329293
fr_COO,0.09387397837945431,0.3663357244157497,0.1292145576739272,0.30126323287431606,0.22306267639316155
fr_COO2,0.09279665854244785,0.3718719353195543,0.13271842057945513,0.3025938348478954,0.22243406209629146
fr_C_O,0.502698231250693,0.5863913304609999,0.1815862798516454,0.3320067355633925,0.20521389654028108
fr_C_O_noCOO,0.502698231250693,0.5863913304609999,0.18158627985164544,0.33200673556339244,0.20521389654028113
fr_C_S,0.00429358168664208,0.012678200125589107,0.02074056723736691,0.017671571223578108,0.03295657882578951
fr_HOCCN,0.0357701174142568,0.01986344577696899,0.03961122467676115,0.04568593006481772,0.02311400772751645
fr_Imine,0.01663371575982291,0.02178222456341353,0.029150475208294044,0.024070176083403106,0.040959546589723776
fr_NH0,0.058415246724723945,0.15909883317419032,0.1972443962695146,0.06037120760688075,0.6765180416947493
fr_NH1,0.3677069257159979,0.2690546914299471,0.16477907248837295,0.4409825489407647,0.11257153971411908
fr_NH2,0.10870092289433257,0.11675150256345504,0.08503114654229889,0.2023561243940036,0.038294773304457685
fr_N_O,0.004657206578454948,0.0011952867977939536,0.006707009436782675,0.001969989938956745,0.017523680162965
fr_Ndealkylation1,0.12903692695591343,0.006217979109224589,0.10091782138463931,0.09554147214120506,0.035304355889530695
fr_Ndealkylation2,0.23285591526095348,0.310106703263024,0.19772750746929108,0.02137335161569936,0.03873436966044138
fr_Nhpyrrole,0.06617661920095148,0.05540144460591147,0.13274448776393563,0.10196536894687974,0.3079089891840024
fr_SH,0.010491912734699581,0.0322771727014391,0.068002120258294,0.11413449785851107,0.1101046018193602
fr_aldehyde,0.0,0.0,0.0,0.0,0.0
fr_alkyl_carbamate,0.0508458733510161,0.07813033947060159,0.04940868247118707,0.01692938077652286,0.017573217729884058
fr_alkyl_halide,0.004583946536349308,0.0014273007282244537,0.000637147335426249,0.0035963721408368027,0.012188447394903792
fr_allylic_oxid,0.06200977882381907,0.10045929719042074,0.052526766945579534,0.057343730318447236,0.0725810525937658
fr_amide,0.4880518112061936,0.3842131258182782,0.1264300486060256,0.49457021480609226,0.03262237190509402
fr_amidine,0.006573979451118478,0.0019021179138893375,0.0027829584142487996,0.014638015784327399,0.04539603445733574
fr_aniline,0.059312988284544434,0.12124948411637154,0.0935478274598522,0.1591826800467513,0.3412368407670741
fr_aryl_methyl,0.05159930540969722,0.2033713372470615,0.07576404855983657,0.2740234567443313,0.011293997335851031
fr_azide,0.0,0.0,0.0,0.0,0.0
fr_azo,0.000747218478411739,0.000491471549002035,0.0003145543308029379,0.0006131105287791283,0.00022410055583934598
fr_barbitur,0.0007333356933812223,0.005515105921907481,0.006707968847552743,0.0028106244565382073,0.0002873191652849723
fr_benzene,0.22337861989339555,0.041186758886906524,0.8170914177858465,0.14562119498601636,0.2410011385531736
fr_benzodiazepine,0.007499867063237241,0.0021691817464899094,0.015531216413862521,0.006009240931384596,0.00915083235483631
fr_bicyclic,0.15229272539548427,0.2591422352538651,0.015905252252019914,0.14545378113207955,0.10858419312453824
fr_diazo,0.0,0.0,0.0,0.0,0.0
fr_dihydropyridine,0.01283372654841595,0.015089563272546328,0.02242943721092517,0.005351443566790131,0.0027995446950101056
fr_epoxide,0.0008819429419402435,0.0004090490080458802,0.0002858029517820363,0.0003839085828357868,0.0008828158782489135
fr_ester,0.020594387584378718,0.127926373643829,0.07781222293974818,0.10831524924006881,0.07385643988500507
fr_ether,0.11729866508321374,0.023543858995973808,0.016964232510555538,0.4887248473508329,0.14415371266342095
fr_furan,0.04962391983951155,0.009713007585115502,0.009938747426940073,0.005120673884784613,0.001636253011839755
fr_guanido,0.030035933437562504,0.048720149977776815,0.020344772735561276,0.11172589216009378,0.038389961113737825
fr_halogen,0.0652445311238249,0.07735050051895459,0.2514558415145194,0.11792255495221939,0.20001476085727526
fr_hdrzine,0.019375374236870586,0.012160318215899217,0.01118647465473178,0.018002186869123166,0.025400639480945012
fr_hdrzone,0.007186961924290794,0.016871985706984338,0.028990927743754426,0.013044787714257891,0.06415878583058901
fr_imidazole,0.04258555602458456,0.006358478742502517,0.0908016928901425,0.05141455424858613,0.1769471639032591
fr_imide,0.019056791274739728,0.03537810473481401,0.01626954561215499,0.021935912004423214,0.012036964182942197
fr_isocyan,0.0,0.0,0.0,0.0,0.0
fr_isothiocyan,0.0,0.0,0.0,0.0,0.0
fr_ketone,0.02110283788783568,0.06921076438976707,0.03701208097949263,0.06530707819538922,0.11253910640690502
fr_ketone_Topliss,0.02867930729666308,0.06058535580270443,0.026173464694570842,0.06693645301129107,0.11845907047996282
fr_lactam,0.0,0.0,0.0,0.0,0.0
fr_lactone,0.04056916397367369,0.001193134189548248,0.0025950792315443715,0.05587564275818373,0.0257565829104419
fr_methoxy,0.006104797333280246,0.05319149664738393,0.0630136978381761,0.17480659357276299,0.07089287097246966
fr_morpholine,0.06334445824034705,0.12334012902240898,0.04237260615269423,0.09139215405366796,0.07133323403995638
fr_nitrile,0.058817913215783016,0.01156182981497416,0.05507254903355114,0.022184946767649382,0.06578702075731739
fr_nitro,7.983310886820172e-05,0.0019318863822920765,0.003653826913956581,0.0001522019478853014,0.003118441838447978
fr_nitro_arom,3.2020689647235524e-06,0.0005486283017121276,0.0015261319070719289,0.00021878152152792624,0.0009352970546196919
fr_nitro_arom_nonortho,3.2020689647235524e-06,0.0005486283017121276,0.0015261319070719289,0.0002187815215279261,0.0009352970546196912
fr_nitroso,0.0,0.0,0.0,0.0,0.0
fr_oxazole,0.04395658886391791,0.0069575531431305005,0.023767051961150625,0.008404741887310321,0.05219010444803023
fr_oxime,0.033780469799744806,0.04420163217491653,0.02052686167764526,0.028414378181906005,0.008340160556859232
fr_para_hydroxylation,0.05741761256292761,0.019875316982942273,0.2075623439062251,0.05922181933664622,0.06004320561367675
fr_phenol,0.021893524769099414,0.12953885876164348,0.18361499012210056,0.35563030593445755,0.1625785536363966
fr_phenol_noOrthoHbond,0.02138124387835517,0.12772072862530404,0.18232220931112172,0.35433608634195196,0.1611434444244551
fr_phos_acid,0.0,0.0,0.0,0.0,0.0
fr_phos_ester,0.0,0.0,0.0,0.0,0.0
fr_piperdine,0.2011468718074255,0.35951610585317784,0.17547384039819805,0.06758200408002277,0.059852667688685864
fr_piperzine,0.1686035171687123,0.21595943286573102,0.09081994572378377,0.04435878785320556,0.1246670212872369
fr_priamide,0.12930591833034716,0.28598429390382163,0.017668592636735193,0.24040359942495115,0.06290759533996436
fr_prisulfonamd,0.0,0.0,0.0,0.0,0.0
fr_pyridine,0.05321856436125805,0.012250121783780567,0.05179167556274178,0.08583142885551512,0.20944734963132003
fr_quatN,0.13977198937140392,0.4146799546540956,0.2638114981748083,0.03801003496222027,0.07593082445081914
fr_sulfide,0.01009022807102145,0.04098695203826879,0.008465142471404693,0.044184884058483545,0.10211504112879025
fr_sulfonamd,0.10799781958657757,0.08386931680858085,0.15384695031512344,0.21043365702156666,0.2695954371779217
fr_sulfone,0.03406818625947184,0.048126371780279786,0.09713613457128593,0.15383545095637438,0.12115080203706928
fr_term_acetylene,0.07767074699536765,0.017319930187200464,0.010643429333914385,0.012042769328846454,0.0186043023596715
fr_tetrazole,0.028319452325374132,0.012311320872084927,0.08837708576234596,0.015419089894755192,0.14272461081718163
fr_thiazole,0.03482915504361473,0.02022079329626442,0.032320953221569866,0.014362651922995795,0.20656704507321755
fr_thiocyan,0.0,0.0,0.0,0.0,0.0
fr_thiophene,0.01686608845392056,0.015417393119193759,0.021863540147054213,0.004179609356415877,0.11100429178246991
fr_unbrch_alkane,0.0105617748655868,0.0008943175243374093,0.04139157729518412,0.09749642664855082,0.10158000923643498
fr_urea,0.12280362783886051,0.010786859935518348,0.03642200293813724,0.0970542443111436,0.12929057356554047
